PCA106NEGRO02,4.370
PCA106BLANC02,4.370
PCA106GRIS002,4.370
PCA106ROJO002,4.370
PCA106VERDE02,4.370
PCA106BAALER2,4.500
PCA106BACAB02,4.500
PCA106BAMAPL2,4.500
PCA106BANAT02,4.500
PCA106BANOG02,4.500
PCA106BAROBL2,4.500
PCA960ECOPBE2,4.190
PCA960ECOPBV2,4.190
PCA960ECOPCA2,4.190
PCA960ECOPGA2,4.190
PCA960ECOPMC2,4.190
PCA960ECOPSM2,4.190
PCA960ECOPTC2,4.190
PCA960EXOPAR2,4.190
PCA960ECOPAT2,4.190
PCA960ECOPAC2,4.190
PCA960ECOPPBL2,4.190
PCA960ECOPBI2,4.190
PCA960ECOPBN2,4.190
PCA960ECOPCC2,4.190
PCA960ECOPDA2,4.190
PCA960ECOPLS2,4.190
PCA960ECOPNE2,4.190
PCA960ECOPPI2,4.190
PCA960ECOPRC2,4.190
PCA960ECOPRJ2,4.190
PCA960ECOPRT2,4.190
PCA108BLAN002,5.800
PCA108GRIS002,5.800
PCA108NEGRO02,5.800
PCA108ROJO002,5.800
PCA108VERDE02,5.800
PCA922GRIMA02,5.100
PCA922AREY002,5.100
PCA922AZPACI2,5.100
PCA922BERME02,5.100
PCA922BLAN002,5.100
PCA922CAFMO02,5.100
PCA922NARAN02,5.100
PCA922NEGRO02,5.100
PCA922VERESM2,5.100
PCA901CONST04,2.740
PCA926AMAREY2,4.640
PCA926AZUPAC2,4.640
PCA926BERME02,4.640
PCA926BLAN002,4.640
PCA926CAFE002,4.640
PCA926CREMA02,4.640
PCA926GRIMAQ2,4.640
PCA926NEGRO02,4.640
PCA926VERESM2,4.640
PCA910BLANC02,4.430
PCA904BLAN002,4.590
PCA113POLALE2,4.850
PCA113POLARB2,4.850
PCA113POLCAO2,4.850
PCA113POLCAS2,4.850
PCA113POLENC2,4.850
PCA113POLNAT2,4.850
PCA113NEGRO02,4.850
PCA113POLNOG2,4.850
PCA113POLPAR2,4.850
PCA113POLORE2,4.850
PCA113POLROB2,4.850
PCA113POLVER2,4.850
PCA920AGUINC2,4.500
PCA103MADPLU2,6.390
PCA106BLANCO6,55.000
PCA106NEGRO06,55.000
PCA106GRIS006,55.000
PCA106OCRE055,55.000
PCA106ROJO006,55.000
PCA106BANAT06,62.990
PCA915BLANC06,41.290
PCA941CLIBL06,53.790
PCA925COBLA06,34.680
PCA960ECOPBL6,49.990
PCA108BLAN006,65.000
PCA108GRIS006,65.000
PCA108NEGR006,65.000
PCA922AMAREY6,69.990
PCA922AZPACI6,69.990
PCA922BLAN056,69.990
PCA922GRIMAQ6,69.990
PCA922NEGRO06,69.990
PCA921AZULCA6,37.540
PCA921GRISOS6,37.540
PCA921NEGRO06,37.540
PCA900CONBL06,20.910
PCA900BLOBR06,24.550
PCAEXTRACUB06,36.590
PCA926BLAN056,64.860
PCA926VERESM6,64.860
PCA910BLAN056,63.990
PCA904BLAN056,64.860
PCA113POLNAT6,66.360
PCA907BLAN056,49.990
PCA907GRIS056,49.990
PCA907NEGRO06,49.990
PCA907ROJO056,49.990
PCA907VERD056,49.990
PCA960ECOPBL5,59.990
PCA960ECONE5,59.990
PCA106BLANCO1,14.490
PCA106GRIS001,14.490
PCA106NEGR001,14.490
PCA106OCRE001,14.490
PCA106ROJO001,14.490
PCA106VERDE01,14.490
PCA106BAALER1,14.310
PCA106BACAOB1,14.310
PCA106BAMAPL1,14.310
PCA106BANAT01,14.310
PCA106BANOG01,14.310
PCA106BAROBL1,14.310
PCA925CONST01,10.180
PCA960EXOPAR1,14.640
PCA960ECOPAT1,14.640
PCA960ECOPAC1,14.640
PCA960COPPBL1,14.640
PCA960ECOPBI1,14.640
PCA960ECOPBE1,14.640
PCA960ECOPBV1,14.640
PCA960CAFEMO1,14.640
PCA960ECOPCC1,14.640
PCA960ECOPCA1,14.640
PCA960ECOPDA1,14.640
PCA960ECOPGA1,14.640
PCA960ECOPLS1,14.640
PCA960ECOPMO1,14.640
PCA960ECOPMC1,14.640
PCA960ECOPNE1,14.640
PCA960ECOPPI1,14.640
PCA960ECOPRC1,14.640
PCA960ECOPRJ1,14.640
PCA960ECOPRT1,14.640
PCA960ECOPSM1,14.640
PCA960ECOPTC1,14.640
PCA960ECOPBN1,14.640
PCA914BLAOIN1,10.990
PCA108BLAN001,15.990
PCA108GRIS001,15.990
PCA108NEGR001,15.990
PCA108ROJO001,15.990
PCA108VERDE01,15.990
PCA922AREY001,19.500
PCA922AZPACI1,19.500
PCA922BERME01,19.500
PCA922BLAN001,19.500
PCA922CAFEM01,19.500
PCA922GRIMAQ1,19.500
PCA922NARAN01,19.500
PCA922NEGRO01,19.500
PCA922VERESM1,19.500
PCA921AZULCA1,11.090
PCA921CANE001,11.090
PCA921CAOBA01,11.090
PCA921CASA001,11.090
PCA921CAST001,11.090
PCA921ARCHO01,11.090
PCA921GRISOS1,11.090
PCA921NEGRO01,11.090
PCA921ARROB01,11.090
PCA900OBRBAN1,8.910
PCA901CONST01,7.190
PCAEXTRACUB01,10.490
PCA926AMREY01,16.890
PCA926AZUPAC1,16.890
PCA926BERME01,16.890
PCA926BLAN001,16.890
PCA926CAFE001,16.890
PCA926CREMA01,16.890
PCA926GRIMAQ1,16.890
PCA926NEGRO01,16.890
PCA926VERESM1,16.890
PCA910BLAN001,16.190
PCA904BLAN001,16.700
PCA113POLVER1,15.990
PCA113POLALE1,15.990
PCA113POLARB1,15.990
PCA113POLCAO1,15.990
PCA113POLCAS1,15.990
PCA113POLENC1,15.990
PCA113POLNAT1,15.990
PCA113NEGRO01,15.990
PCA113POLNOG1,15.990
PCA113POLPAR1,15.990
PCA113POLORE1,15.990
PCA113POLROB1,15.990
PCA103MADPLU1,22.310
PCA907BLAN001,14.490
PCA907GRIS001,14.490
PCA907NEGRO01,14.490
PCA907ROJO001,14.490
PCA907VERD001,14.490